[
    {
      "width": 25, 
      "height": 4, 
      "fill": "pink"
  },
    {
        "width": 25, 
        "height": 14, 
        "fill": "purple"
    },
    {
        "width": 25, 
        "height": 44, 
        "fill": "orange"
    },
    {
        "width": 25, 
        "height": 124, 
        "fill": "green"
    },
    {
        "width": 25, 
        "height": 12, 
        "fill": "grey"
    },
    {
        "width": 25, 
        "height": 32, 
        "fill": "red"
    },
    {
        "width": 25, 
        "height": 900, 
        "fill": "yellow"
    },
    {
        "width": 25, 
        "height": 490,
        "fill": "magenta"
    },
    {
        "width": 25, 
        "height": 670,
        "fill": "black"
    }
]